CustomerID,cluster
CUST00000,1
CUST00001,0
CUST00002,0
CUST00003,1
CUST00004,1
CUST00005,1
CUST00006,1
CUST00007,1
CUST00008,0
CUST00009,0
CUST00010,0
CUST00011,0
CUST00012,1
CUST00013,1
CUST00014,1
CUST00015,0
CUST00016,0
CUST00017,1
CUST00018,0
CUST00019,0
CUST00020,1
CUST00021,1
CUST00022,1
CUST00023,0
CUST00024,0
CUST00025,0
CUST00026,1
CUST00027,0
CUST00028,0
CUST00029,1
CUST00030,1
CUST00031,0
CUST00032,1
CUST00033,1
CUST00034,1
CUST00035,0
CUST00036,0
CUST00037,1
CUST00038,1
CUST00039,1
CUST00040,1
CUST00041,0
CUST00042,1
CUST00043,0
CUST00044,0
CUST00045,0
CUST00046,0
CUST00047,1
CUST00048,1
CUST00049,0
CUST00050,1
CUST00051,1
CUST00052,0
CUST00053,0
CUST00054,1
CUST00055,0
CUST00056,0
CUST00057,0
CUST00058,1
CUST00059,0
CUST00060,0
CUST00061,0
CUST00062,1
CUST00063,0
CUST00064,0
CUST00065,0
CUST00066,1
CUST00067,0
CUST00068,0
CUST00069,1
CUST00070,0
CUST00071,1
CUST00072,0
CUST00073,1
CUST00074,0
CUST00075,0
CUST00076,1
CUST00077,1
CUST00078,1
CUST00079,0
CUST00080,1
CUST00081,1
CUST00082,0
CUST00083,0
CUST00084,1
CUST00085,0
CUST00086,1
CUST00087,0
CUST00088,0
CUST00089,0
CUST00090,0
CUST00091,0
CUST00092,0
CUST00093,1
CUST00094,0
CUST00095,1
CUST00096,0
CUST00097,0
CUST00098,1
CUST00099,1
CUST00100,0
CUST00101,0
CUST00102,0
CUST00103,0
CUST00104,1
CUST00105,1
CUST00106,0
CUST00107,0
CUST00108,0
CUST00109,0
CUST00110,0
CUST00111,1
CUST00112,1
CUST00113,0
CUST00114,0
CUST00115,0
CUST00116,1
CUST00117,0
CUST00118,1
CUST00119,0
CUST00120,0
CUST00121,0
CUST00122,0
CUST00123,0
CUST00124,1
CUST00125,1
CUST00126,0
CUST00127,0
CUST00128,0
CUST00129,0
CUST00130,1
CUST00131,1
CUST00132,1
CUST00133,1
CUST00134,1
CUST00135,0
CUST00136,0
CUST00137,0
CUST00138,0
CUST00139,0
CUST00140,1
CUST00141,0
CUST00142,0
CUST00143,0
CUST00144,0
CUST00145,0
CUST00146,0
CUST00147,0
CUST00148,0
CUST00149,1
CUST00150,0
CUST00151,0
CUST00152,0
CUST00153,1
CUST00154,0
CUST00155,0
CUST00156,1
CUST00157,1
CUST00158,0
CUST00159,1
CUST00160,0
CUST00161,1
CUST00162,0
CUST00163,1
CUST00164,0
CUST00165,0
CUST00166,1
CUST00167,0
CUST00168,0
CUST00169,0
CUST00170,0
CUST00171,0
CUST00172,0
CUST00173,0
CUST00174,0
CUST00175,0
CUST00176,1
CUST00177,0
CUST00178,0
CUST00179,0
CUST00180,0
CUST00181,0
CUST00182,0
CUST00183,1
CUST00184,1
CUST00185,0
CUST00186,0
CUST00187,1
CUST00188,0
CUST00189,1
CUST00190,0
CUST00191,1
CUST00192,1
CUST00193,1
CUST00194,0
CUST00195,1
CUST00196,1
CUST00197,1
CUST00198,0
CUST00199,1
CUST00200,0
CUST00201,0
CUST00202,1
CUST00203,0
CUST00204,1
CUST00205,1
CUST00206,0
CUST00207,0
CUST00208,1
CUST00209,1
CUST00210,0
CUST00211,0
CUST00212,0
CUST00213,1
CUST00214,0
CUST00215,1
CUST00216,0
CUST00217,1
CUST00218,0
CUST00219,1
CUST00220,0
CUST00221,1
CUST00222,1
CUST00223,0
CUST00224,1
CUST00225,0
CUST00226,0
CUST00227,0
CUST00228,0
CUST00229,0
CUST00230,0
CUST00231,0
CUST00232,0
CUST00233,1
CUST00234,1
CUST00235,1
CUST00236,0
CUST00237,0
CUST00238,0
CUST00239,0
CUST00240,1
CUST00241,0
CUST00242,1
CUST00243,1
CUST00244,0
CUST00245,0
CUST00246,0
CUST00247,1
CUST00248,0
CUST00249,0
CUST00250,0
CUST00251,1
CUST00252,0
CUST00253,1
CUST00254,0
CUST00255,1
CUST00256,0
CUST00257,0
CUST00258,0
CUST00259,1
CUST00260,0
CUST00261,1
CUST00262,1
CUST00263,1
CUST00264,1
CUST00265,0
CUST00266,0
CUST00267,1
CUST00268,0
CUST00269,1
CUST00270,0
CUST00271,0
CUST00272,1
CUST00273,1
CUST00274,0
CUST00275,0
CUST00276,0
CUST00277,0
CUST00278,1
CUST00279,0
CUST00280,0
CUST00281,0
CUST00282,1
CUST00283,1
CUST00284,1
CUST00285,0
CUST00286,0
CUST00287,0
CUST00288,1
CUST00289,0
CUST00290,1
CUST00291,0
CUST00292,0
CUST00293,0
CUST00294,1
CUST00295,1
CUST00296,0
CUST00297,1
CUST00298,1
CUST00299,0
CUST00300,0
CUST00301,1
CUST00302,0
CUST00303,0
CUST00304,1
CUST00305,1
CUST00306,1
CUST00307,0
CUST00308,1
CUST00309,0
CUST00310,1
CUST00311,0
CUST00312,0
CUST00313,0
CUST00314,0
CUST00315,0
CUST00316,1
CUST00317,0
CUST00318,0
CUST00319,1
CUST00320,1
CUST00321,0
CUST00322,1
CUST00323,0
CUST00324,1
CUST00325,0
CUST00326,1
CUST00327,0
CUST00328,1
CUST00329,0
CUST00330,0
CUST00331,1
CUST00332,1
CUST00333,1
CUST00334,0
CUST00335,1
CUST00336,0
CUST00337,0
CUST00338,0
CUST00339,1
CUST00340,0
CUST00341,0
CUST00342,0
CUST00343,1
CUST00344,0
CUST00345,1
CUST00346,0
CUST00347,0
CUST00348,1
CUST00349,1
CUST00350,1
CUST00351,1
CUST00352,1
CUST00353,0
CUST00354,0
CUST00355,1
CUST00356,0
CUST00357,0
CUST00358,0
CUST00359,0
CUST00360,1
CUST00361,0
CUST00362,0
CUST00363,0
CUST00364,0
CUST00365,1
CUST00366,0
CUST00367,1
CUST00368,0
CUST00369,0
CUST00370,0
CUST00371,0
CUST00372,1
CUST00373,0
CUST00374,0
CUST00375,0
CUST00376,1
CUST00377,1
CUST00378,0
CUST00379,1
CUST00380,0
CUST00381,0
CUST00382,1
CUST00383,1
CUST00384,0
CUST00385,0
CUST00386,0
CUST00387,1
CUST00388,1
CUST00389,0
CUST00390,0
CUST00391,1
CUST00392,0
CUST00393,0
CUST00394,0
CUST00395,0
CUST00396,0
CUST00397,1
CUST00398,0
CUST00399,1
CUST00400,0
CUST00401,1
CUST00402,1
CUST00403,1
CUST00404,0
CUST00405,0
CUST00406,0
CUST00407,1
CUST00408,1
CUST00409,0
CUST00410,0
CUST00411,0
CUST00412,0
CUST00413,0
CUST00414,0
CUST00415,1
CUST00416,1
CUST00417,0
CUST00418,0
CUST00419,1
CUST00420,1
CUST00421,1
CUST00422,1
CUST00423,1
CUST00424,0
CUST00425,1
CUST00426,1
CUST00427,1
CUST00428,1
CUST00429,1
CUST00430,0
CUST00431,1
CUST00432,1
CUST00433,0
CUST00434,0
CUST00435,0
CUST00436,1
CUST00437,1
CUST00438,0
CUST00439,0
CUST00440,0
CUST00441,0
CUST00442,0
CUST00443,1
CUST00444,0
CUST00445,0
CUST00446,1
CUST00447,0
CUST00448,1
CUST00449,0
CUST00450,0
CUST00451,1
CUST00452,0
CUST00453,0
CUST00454,1
CUST00455,0
CUST00456,0
CUST00457,1
CUST00458,0
CUST00459,0
CUST00460,0
CUST00461,0
CUST00462,0
CUST00463,1
CUST00464,0
CUST00465,1
CUST00466,0
CUST00467,0
CUST00468,0
CUST00469,0
CUST00470,0
CUST00471,0
CUST00472,0
CUST00473,0
CUST00474,1
CUST00475,1
CUST00476,1
CUST00477,1
CUST00478,0
CUST00479,0
CUST00480,1
CUST00481,1
CUST00482,0
CUST00483,0
CUST00484,1
CUST00485,0
CUST00486,0
CUST00487,1
CUST00488,1
CUST00489,0
CUST00490,0
CUST00491,0
CUST00492,1
CUST00493,1
CUST00494,0
CUST00495,1
CUST00496,1
CUST00497,0
CUST00498,0
CUST00499,0
CUST00500,0
CUST00501,0
CUST00502,0
CUST00503,1
CUST00504,1
CUST00505,1
CUST00506,1
CUST00507,1
CUST00508,1
CUST00509,1
CUST00510,1
CUST00511,0
CUST00512,1
CUST00513,1
CUST00514,0
CUST00515,0
CUST00516,1
CUST00517,1
CUST00518,1
CUST00519,0
CUST00520,0
CUST00521,1
CUST00522,0
CUST00523,1
CUST00524,0
CUST00525,1
CUST00526,0
CUST00527,0
CUST00528,0
CUST00529,0
CUST00530,0
CUST00531,0
CUST00532,1
CUST00533,0
CUST00534,1
CUST00535,1
CUST00536,0
CUST00537,1
CUST00538,1
CUST00539,1
CUST00540,0
CUST00541,0
CUST00542,1
CUST00543,1
CUST00544,1
CUST00545,1
CUST00546,1
CUST00547,0
CUST00548,1
CUST00549,0
CUST00550,0
CUST00551,0
CUST00552,1
CUST00553,0
CUST00554,1
CUST00555,0
CUST00556,0
CUST00557,0
CUST00558,0
CUST00559,0
CUST00560,0
CUST00561,1
CUST00562,0
CUST00563,1
CUST00564,1
CUST00565,0
CUST00566,1
CUST00567,1
CUST00568,0
CUST00569,0
CUST00570,1
CUST00571,1
CUST00572,1
CUST00573,0
CUST00574,0
CUST00575,1
CUST00576,0
CUST00577,0
CUST00578,0
CUST00579,1
CUST00580,1
CUST00581,1
CUST00582,1
CUST00583,0
CUST00584,0
CUST00585,0
CUST00586,0
CUST00587,0
CUST00588,1
CUST00589,1
CUST00590,0
CUST00591,1
CUST00592,0
CUST00593,0
CUST00594,1
CUST00595,1
CUST00596,0
CUST00597,1
CUST00598,0
CUST00599,0
CUST00600,1
CUST00601,1
CUST00602,0
CUST00603,1
CUST00604,1
CUST00605,1
CUST00606,0
CUST00607,1
CUST00608,0
CUST00609,1
CUST00610,1
CUST00611,1
CUST00612,0
CUST00613,0
CUST00614,1
CUST00615,0
CUST00616,0
CUST00617,0
CUST00618,1
CUST00619,0
CUST00620,1
CUST00621,0
CUST00622,1
CUST00623,0
CUST00624,1
CUST00625,0
CUST00626,1
CUST00627,0
CUST00628,1
CUST00629,1
CUST00630,1
CUST00631,0
CUST00632,1
CUST00633,1
CUST00634,1
CUST00635,0
CUST00636,1
CUST00637,0
CUST00638,1
CUST00639,1
CUST00640,1
CUST00641,0
CUST00642,0
CUST00643,1
CUST00644,0
CUST00645,1
CUST00646,1
CUST00647,0
CUST00648,0
CUST00649,0
CUST00650,0
CUST00651,1
CUST00652,1
CUST00653,0
CUST00654,0
CUST00655,0
CUST00656,0
CUST00657,0
CUST00658,0
CUST00659,0
CUST00660,1
CUST00661,1
CUST00662,0
CUST00663,0
CUST00664,0
CUST00665,0
CUST00666,0
CUST00667,1
CUST00668,1
CUST00669,0
CUST00670,1
CUST00671,0
CUST00672,0
CUST00673,0
CUST00674,0
CUST00675,1
CUST00676,0
CUST00677,0
CUST00678,0
CUST00679,1
CUST00680,1
CUST00681,0
CUST00682,0
CUST00683,0
CUST00684,0
CUST00685,0
CUST00686,1
CUST00687,0
CUST00688,0
CUST00689,0
CUST00690,0
CUST00691,1
CUST00692,0
CUST00693,1
CUST00694,0
CUST00695,0
CUST00696,1
CUST00697,0
CUST00698,0
CUST00699,1
CUST00700,1
CUST00701,0
CUST00702,1
CUST00703,0
CUST00704,0
CUST00705,1
CUST00706,1
CUST00707,0
CUST00708,1
CUST00709,1
CUST00710,0
CUST00711,0
CUST00712,0
CUST00713,0
CUST00714,0
CUST00715,0
CUST00716,1
CUST00717,1
CUST00718,1
CUST00719,1
CUST00720,0
CUST00721,0
CUST00722,1
CUST00723,0
CUST00724,1
CUST00725,1
CUST00726,1
CUST00727,1
CUST00728,1
CUST00729,0
CUST00730,0
CUST00731,0
CUST00732,0
CUST00733,0
CUST00734,1
CUST00735,0
CUST00736,1
CUST00737,0
CUST00738,1
CUST00739,1
CUST00740,1
CUST00741,0
CUST00742,0
CUST00743,1
CUST00744,0
CUST00745,1
CUST00746,0
CUST00747,1
CUST00748,0
CUST00749,0
CUST00750,1
CUST00751,0
CUST00752,0
CUST00753,0
CUST00754,0
CUST00755,1
CUST00756,0
CUST00757,1
CUST00758,1
CUST00759,0
CUST00760,0
CUST00761,0
CUST00762,1
CUST00763,0
CUST00764,0
CUST00765,1
CUST00766,0
CUST00767,0
CUST00768,1
CUST00769,1
CUST00770,1
CUST00771,0
CUST00772,0
CUST00773,0
CUST00774,0
CUST00775,0
CUST00776,0
CUST00777,1
CUST00778,0
CUST00779,0
CUST00780,0
CUST00781,0
CUST00782,0
CUST00783,0
CUST00784,0
CUST00785,0
CUST00786,0
CUST00787,0
CUST00788,1
CUST00789,1
CUST00790,1
CUST00791,0
CUST00792,0
CUST00793,0
CUST00794,0
CUST00795,0
CUST00796,0
CUST00797,0
CUST00798,0
CUST00799,1
CUST00800,1
CUST00801,1
CUST00802,0
CUST00803,1
CUST00804,1
CUST00805,0
CUST00806,0
CUST00807,0
CUST00808,1
CUST00809,1
CUST00810,1
CUST00811,0
CUST00812,1
CUST00813,0
CUST00814,0
CUST00815,0
CUST00816,1
CUST00817,1
CUST00818,1
CUST00819,0
CUST00820,1
CUST00821,1
CUST00822,1
CUST00823,1
CUST00824,0
CUST00825,0
CUST00826,0
CUST00827,0
CUST00828,1
CUST00829,0
CUST00830,0
CUST00831,1
CUST00832,0
CUST00833,0
CUST00834,0
CUST00835,0
CUST00836,1
CUST00837,0
CUST00838,0
CUST00839,0
CUST00840,0
CUST00841,0
CUST00842,1
CUST00843,0
CUST00844,1
CUST00845,0
CUST00846,0
CUST00847,1
CUST00848,0
CUST00849,0
CUST00850,1
CUST00851,0
CUST00852,1
CUST00853,1
CUST00854,1
CUST00855,1
CUST00856,0
CUST00857,1
CUST00858,0
CUST00859,0
CUST00860,1
CUST00861,0
CUST00862,1
CUST00863,0
CUST00864,0
CUST00865,0
CUST00866,0
CUST00867,0
CUST00868,0
CUST00869,1
CUST00870,0
CUST00871,1
CUST00872,0
CUST00873,0
CUST00874,1
CUST00875,1
CUST00876,0
CUST00877,0
CUST00878,1
CUST00879,1
CUST00880,0
CUST00881,0
CUST00882,1
CUST00883,0
CUST00884,1
CUST00885,0
CUST00886,0
CUST00887,0
CUST00888,1
CUST00889,0
CUST00890,1
CUST00891,0
CUST00892,1
CUST00893,0
CUST00894,1
CUST00895,0
CUST00896,1
CUST00897,0
CUST00898,1
CUST00899,1
CUST00900,1
CUST00901,0
CUST00902,1
CUST00903,0
CUST00904,1
CUST00905,1
CUST00906,0
CUST00907,1
CUST00908,0
CUST00909,1
CUST00910,1
CUST00911,1
CUST00912,0
CUST00913,0
CUST00914,0
CUST00915,0
CUST00916,1
CUST00917,0
CUST00918,1
CUST00919,1
CUST00920,0
CUST00921,0
CUST00922,1
CUST00923,1
CUST00924,1
CUST00925,1
CUST00926,0
CUST00927,0
CUST00928,1
CUST00929,1
CUST00930,0
CUST00931,0
CUST00932,1
CUST00933,1
CUST00934,0
CUST00935,1
CUST00936,1
CUST00937,1
CUST00938,0
CUST00939,0
CUST00940,1
CUST00941,0
CUST00942,0
CUST00943,0
CUST00944,0
CUST00945,0
CUST00946,0
CUST00947,0
CUST00948,0
CUST00949,0
CUST00950,1
CUST00951,0
CUST00952,0
CUST00953,1
CUST00954,1
CUST00955,1
CUST00956,1
CUST00957,0
CUST00958,0
CUST00959,0
CUST00960,0
CUST00961,0
CUST00962,0
CUST00963,0
CUST00964,1
CUST00965,0
CUST00966,0
CUST00967,1
CUST00968,0
CUST00969,0
CUST00970,0
CUST00971,1
CUST00972,0
CUST00973,1
CUST00974,1
CUST00975,1
CUST00976,0
CUST00977,1
CUST00978,1
CUST00979,0
CUST00980,1
CUST00981,1
CUST00982,0
CUST00983,0
CUST00984,0
CUST00985,1
CUST00986,0
CUST00987,1
CUST00988,1
CUST00989,0
CUST00990,1
CUST00991,0
CUST00992,0
CUST00993,1
CUST00994,1
CUST00995,1
CUST00996,0
CUST00997,1
CUST00998,0
CUST00999,1
CUST01000,1
CUST01001,0
CUST01002,1
CUST01003,1
CUST01004,0
CUST01005,0
CUST01006,0
CUST01007,0
CUST01008,1
CUST01009,1
CUST01010,1
CUST01011,1
CUST01012,1
CUST01013,1
CUST01014,0
CUST01015,0
CUST01016,1
CUST01017,1
CUST01018,0
CUST01019,0
CUST01020,1
CUST01021,1
CUST01022,0
CUST01023,0
CUST01024,0
CUST01025,0
CUST01026,0
CUST01027,0
CUST01028,0
CUST01029,0
CUST01030,0
CUST01031,0
CUST01032,1
CUST01033,1
CUST01034,0
CUST01035,1
CUST01036,0
CUST01037,1
CUST01038,0
CUST01039,0
CUST01040,0
CUST01041,1
CUST01042,0
CUST01043,1
CUST01044,0
CUST01045,1
CUST01046,0
CUST01047,1
CUST01048,0
CUST01049,1
CUST01050,1
CUST01051,1
CUST01052,1
CUST01053,1
CUST01054,0
CUST01055,0
CUST01056,1
CUST01057,0
CUST01058,0
CUST01059,0
CUST01060,0
CUST01061,0
CUST01062,1
CUST01063,1
CUST01064,0
CUST01065,1
CUST01066,0
CUST01067,0
CUST01068,0
CUST01069,0
CUST01070,1
CUST01071,1
CUST01072,1
CUST01073,1
CUST01074,0
CUST01075,1
CUST01076,1
CUST01077,0
CUST01078,1
CUST01079,1
CUST01080,1
CUST01081,0
CUST01082,1
CUST01083,1
CUST01084,0
CUST01085,1
CUST01086,1
CUST01087,1
CUST01088,1
CUST01089,0
CUST01090,1
CUST01091,1
CUST01092,0
CUST01093,0
CUST01094,0
CUST01095,0
CUST01096,0
CUST01097,1
CUST01098,0
CUST01099,1
CUST01100,1
CUST01101,1
CUST01102,0
CUST01103,1
CUST01104,0
CUST01105,1
CUST01106,0
CUST01107,1
CUST01108,0
CUST01109,0
CUST01110,0
CUST01111,0
CUST01112,1
CUST01113,0
CUST01114,1
CUST01115,0
CUST01116,1
CUST01117,0
CUST01118,0
CUST01119,1
CUST01120,0
CUST01121,1
CUST01122,0
CUST01123,1
CUST01124,1
CUST01125,1
CUST01126,0
CUST01127,1
CUST01128,0
CUST01129,0
CUST01130,0
CUST01131,0
CUST01132,1
CUST01133,0
CUST01134,1
CUST01135,1
CUST01136,0
CUST01137,1
CUST01138,0
CUST01139,1
CUST01140,1
CUST01141,0
CUST01142,1
CUST01143,0
CUST01144,0
CUST01145,1
CUST01146,0
CUST01147,0
CUST01148,1
CUST01149,1
CUST01150,0
CUST01151,1
CUST01152,0
CUST01153,0
CUST01154,0
CUST01155,1
CUST01156,1
CUST01157,1
CUST01158,1
CUST01159,1
CUST01160,0
CUST01161,0
CUST01162,1
CUST01163,1
CUST01164,0
CUST01165,0
CUST01166,0
CUST01167,1
CUST01168,0
CUST01169,1
CUST01170,1
CUST01171,1
CUST01172,1
CUST01173,1
CUST01174,0
CUST01175,1
CUST01176,1
CUST01177,0
CUST01178,1
CUST01179,0
CUST01180,0
CUST01181,0
CUST01182,0
CUST01183,1
CUST01184,1
CUST01185,1
CUST01186,0
CUST01187,1
CUST01188,1
CUST01189,0
CUST01190,0
CUST01191,1
CUST01192,0
CUST01193,1
CUST01194,0
CUST01195,1
CUST01196,0
CUST01197,0
CUST01198,1
CUST01199,1
CUST01200,0
CUST01201,0
CUST01202,1
CUST01203,0
CUST01204,1
CUST01205,1
CUST01206,1
CUST01207,0
CUST01208,0
CUST01209,0
CUST01210,1
CUST01211,0
CUST01212,1
CUST01213,1
CUST01214,0
CUST01215,1
CUST01216,0
CUST01217,1
CUST01218,0
CUST01219,0
CUST01220,1
CUST01221,0
CUST01222,1
CUST01223,1
CUST01224,0
CUST01225,0
CUST01226,0
CUST01227,0
CUST01228,1
CUST01229,1
CUST01230,1
CUST01231,1
CUST01232,1
CUST01233,0
CUST01234,0
CUST01235,0
CUST01236,1
CUST01237,0
CUST01238,1
CUST01239,0
CUST01240,1
CUST01241,0
CUST01242,0
CUST01243,0
CUST01244,1
CUST01245,0
CUST01246,0
CUST01247,0
CUST01248,1
CUST01249,0
CUST01250,1
CUST01251,1
CUST01252,1
CUST01253,1
CUST01254,0
CUST01255,0
CUST01256,0
CUST01257,0
CUST01258,0
CUST01259,0
CUST01260,1
CUST01261,0
CUST01262,1
CUST01263,0
CUST01264,1
CUST01265,1
CUST01266,1
CUST01267,0
CUST01268,1
CUST01269,0
CUST01270,1
CUST01271,1
CUST01272,1
CUST01273,1
CUST01274,0
CUST01275,1
CUST01276,1
CUST01277,0
CUST01278,0
CUST01279,1
CUST01280,0
CUST01281,1
CUST01282,0
CUST01283,1
CUST01284,1
CUST01285,1
CUST01286,1
CUST01287,0
CUST01288,0
CUST01289,0
CUST01290,0
CUST01291,0
CUST01292,1
CUST01293,1
CUST01294,0
CUST01295,1
CUST01296,1
CUST01297,0
CUST01298,0
CUST01299,0
CUST01300,0
CUST01301,0
CUST01302,1
CUST01303,0
CUST01304,0
CUST01305,0
CUST01306,0
CUST01307,0
CUST01308,0
CUST01309,0
CUST01310,0
CUST01311,1
CUST01312,1
CUST01313,1
CUST01314,0
CUST01315,0
CUST01316,0
CUST01317,0
CUST01318,0
CUST01319,0
CUST01320,0
CUST01321,1
CUST01322,1
CUST01323,1
CUST01324,1
CUST01325,1
CUST01326,0
CUST01327,0
CUST01328,1
CUST01329,0
CUST01330,1
CUST01331,1
CUST01332,0
CUST01333,0
CUST01334,0
CUST01335,1
CUST01336,0
CUST01337,0
CUST01338,0
CUST01339,0
CUST01340,0
CUST01341,1
CUST01342,1
CUST01343,1
CUST01344,0
CUST01345,1
CUST01346,0
CUST01347,1
CUST01348,0
CUST01349,1
CUST01350,0
CUST01351,1
CUST01352,1
CUST01353,1
CUST01354,0
CUST01355,1
CUST01356,1
CUST01357,0
CUST01358,0
CUST01359,1
CUST01360,0
CUST01361,0
CUST01362,0
CUST01363,1
CUST01364,1
CUST01365,0
CUST01366,1
CUST01367,0
CUST01368,0
CUST01369,0
CUST01370,0
CUST01371,0
CUST01372,1
CUST01373,0
CUST01374,0
CUST01375,1
CUST01376,1
CUST01377,1
CUST01378,0
CUST01379,0
CUST01380,0
CUST01381,1
CUST01382,0
CUST01383,1
CUST01384,0
CUST01385,0
CUST01386,0
CUST01387,0
CUST01388,1
CUST01389,1
CUST01390,1
CUST01391,0
CUST01392,0
CUST01393,0
CUST01394,1
CUST01395,0
CUST01396,0
CUST01397,1
CUST01398,0
CUST01399,0
CUST01400,1
CUST01401,0
CUST01402,0
CUST01403,0
CUST01404,1
CUST01405,0
CUST01406,0
CUST01407,1
CUST01408,1
CUST01409,1
CUST01410,0
CUST01411,1
CUST01412,0
CUST01413,0
CUST01414,1
CUST01415,0
CUST01416,0
CUST01417,0
CUST01418,1
CUST01419,1
CUST01420,0
CUST01421,1
CUST01422,0
CUST01423,1
CUST01424,0
CUST01425,0
CUST01426,0
CUST01427,0
CUST01428,1
CUST01429,0
CUST01430,0
CUST01431,0
CUST01432,0
CUST01433,0
CUST01434,0
CUST01435,0
CUST01436,0
CUST01437,1
CUST01438,1
CUST01439,1
CUST01440,0
CUST01441,0
CUST01442,1
CUST01443,0
CUST01444,1
CUST01445,1
CUST01446,1
CUST01447,0
CUST01448,0
CUST01449,0
CUST01450,1
CUST01451,1
CUST01452,1
CUST01453,0
CUST01454,0
CUST01455,1
CUST01456,0
CUST01457,0
CUST01458,0
CUST01459,0
CUST01460,0
CUST01461,0
CUST01462,1
CUST01463,1
CUST01464,0
CUST01465,0
CUST01466,0
CUST01467,0
CUST01468,1
CUST01469,0
CUST01470,1
CUST01471,1
CUST01472,1
CUST01473,1
CUST01474,1
CUST01475,1
CUST01476,0
CUST01477,1
CUST01478,0
CUST01479,0
CUST01480,1
CUST01481,0
CUST01482,0
CUST01483,0
CUST01484,0
CUST01485,0
CUST01486,1
CUST01487,0
CUST01488,1
CUST01489,1
CUST01490,0
CUST01491,1
CUST01492,0
CUST01493,0
CUST01494,0
CUST01495,0
CUST01496,0
CUST01497,1
CUST01498,0
CUST01499,0
CUST01500,1
CUST01501,1
CUST01502,0
CUST01503,0
CUST01504,1
CUST01505,1
CUST01506,1
CUST01507,0
CUST01508,0
CUST01509,0
CUST01510,1
CUST01511,0
CUST01512,0
CUST01513,1
CUST01514,0
CUST01515,0
CUST01516,1
CUST01517,0
CUST01518,0
CUST01519,1
CUST01520,0
CUST01521,1
CUST01522,0
CUST01523,0
CUST01524,1
CUST01525,0
CUST01526,1
CUST01527,1
CUST01528,0
CUST01529,1
CUST01530,0
CUST01531,0
CUST01532,1
CUST01533,1
CUST01534,0
CUST01535,1
CUST01536,0
CUST01537,1
CUST01538,0
CUST01539,1
CUST01540,1
CUST01541,0
CUST01542,1
CUST01543,0
CUST01544,0
CUST01545,0
CUST01546,1
CUST01547,1
CUST01548,0
CUST01549,1
CUST01550,1
CUST01551,0
CUST01552,0
CUST01553,0
CUST01554,0
CUST01555,0
CUST01556,0
CUST01557,0
CUST01558,1
CUST01559,0
CUST01560,0
CUST01561,0
CUST01562,0
CUST01563,0
CUST01564,0
CUST01565,1
CUST01566,0
CUST01567,0
CUST01568,1
CUST01569,0
CUST01570,1
CUST01571,0
CUST01572,0
CUST01573,1
CUST01574,0
CUST01575,1
CUST01576,1
CUST01577,1
CUST01578,1
CUST01579,0
CUST01580,1
CUST01581,1
CUST01582,0
CUST01583,0
CUST01584,1
CUST01585,1
CUST01586,0
CUST01587,0
CUST01588,1
CUST01589,1
CUST01590,0
CUST01591,0
CUST01592,0
CUST01593,0
CUST01594,0
CUST01595,1
CUST01596,1
CUST01597,0
CUST01598,0
CUST01599,0
CUST01600,0
CUST01601,0
CUST01602,1
CUST01603,0
CUST01604,1
CUST01605,0
CUST01606,1
CUST01607,0
CUST01608,0
CUST01609,0
CUST01610,0
CUST01611,0
CUST01612,1
CUST01613,0
CUST01614,1
CUST01615,1
CUST01616,0
CUST01617,1
CUST01618,1
CUST01619,1
CUST01620,0
CUST01621,0
CUST01622,0
CUST01623,1
CUST01624,0
CUST01625,1
CUST01626,1
CUST01627,0
CUST01628,0
CUST01629,0
CUST01630,0
CUST01631,1
CUST01632,0
CUST01633,0
CUST01634,0
CUST01635,0
CUST01636,0
CUST01637,0
CUST01638,1
CUST01639,0
CUST01640,0
CUST01641,1
CUST01642,0
CUST01643,0
CUST01644,0
CUST01645,1
CUST01646,0
CUST01647,1
CUST01648,0
CUST01649,0
CUST01650,0
CUST01651,0
CUST01652,1
CUST01653,1
CUST01654,0
CUST01655,1
CUST01656,0
CUST01657,1
CUST01658,0
CUST01659,0
CUST01660,1
CUST01661,1
CUST01662,0
CUST01663,1
CUST01664,1
CUST01665,1
CUST01666,0
CUST01667,0
CUST01668,0
CUST01669,0
CUST01670,1
CUST01671,0
CUST01672,1
CUST01673,0
CUST01674,1
CUST01675,0
CUST01676,0
CUST01677,0
CUST01678,1
CUST01679,0
CUST01680,0
CUST01681,1
CUST01682,0
CUST01683,0
CUST01684,0
CUST01685,1
CUST01686,1
CUST01687,0
CUST01688,0
CUST01689,0
CUST01690,0
CUST01691,1
CUST01692,1
CUST01693,0
CUST01694,1
CUST01695,0
CUST01696,1
CUST01697,0
CUST01698,0
CUST01699,1
CUST01700,1
CUST01701,1
CUST01702,0
CUST01703,1
CUST01704,1
CUST01705,1
CUST01706,0
CUST01707,0
CUST01708,0
CUST01709,1
CUST01710,0
CUST01711,0
CUST01712,1
CUST01713,1
CUST01714,0
CUST01715,0
CUST01716,0
CUST01717,0
CUST01718,0
CUST01719,1
CUST01720,0
CUST01721,0
CUST01722,0
CUST01723,0
CUST01724,0
CUST01725,1
CUST01726,1
CUST01727,0
CUST01728,1
CUST01729,0
CUST01730,1
CUST01731,0
CUST01732,1
CUST01733,1
CUST01734,1
CUST01735,1
CUST01736,0
CUST01737,1
CUST01738,1
CUST01739,1
CUST01740,0
CUST01741,0
CUST01742,0
CUST01743,0
CUST01744,1
CUST01745,1
CUST01746,1
CUST01747,1
CUST01748,1
CUST01749,1
CUST01750,1
CUST01751,0
CUST01752,0
CUST01753,1
CUST01754,0
CUST01755,1
CUST01756,0
CUST01757,1
CUST01758,1
CUST01759,1
CUST01760,1
CUST01761,0
CUST01762,1
CUST01763,1
CUST01764,1
CUST01765,0
CUST01766,1
CUST01767,0
CUST01768,1
CUST01769,0
CUST01770,1
CUST01771,1
CUST01772,0
CUST01773,1
CUST01774,0
CUST01775,0
CUST01776,0
CUST01777,0
CUST01778,0
CUST01779,1
CUST01780,0
CUST01781,0
CUST01782,0
CUST01783,1
CUST01784,1
CUST01785,0
CUST01786,1
CUST01787,0
CUST01788,1
CUST01789,0
CUST01790,1
CUST01791,1
CUST01792,0
CUST01793,0
CUST01794,0
CUST01795,0
CUST01796,0
CUST01797,0
CUST01798,1
CUST01799,0
CUST01800,0
CUST01801,0
CUST01802,0
CUST01803,1
CUST01804,0
CUST01805,1
CUST01806,1
CUST01807,1
CUST01808,1
CUST01809,1
CUST01810,1
CUST01811,0
CUST01812,1
CUST01813,1
CUST01814,0
CUST01815,1
CUST01816,1
CUST01817,0
CUST01818,0
CUST01819,0
CUST01820,1
CUST01821,1
CUST01822,1
CUST01823,1
CUST01824,0
CUST01825,1
CUST01826,0
CUST01827,0
CUST01828,1
CUST01829,0
CUST01830,1
CUST01831,0
CUST01832,0
CUST01833,1
CUST01834,0
CUST01835,1
CUST01836,0
CUST01837,0
CUST01838,1
CUST01839,0
CUST01840,0
CUST01841,1
CUST01842,1
CUST01843,1
CUST01844,0
CUST01845,0
CUST01846,0
CUST01847,0
CUST01848,0
CUST01849,0
CUST01850,0
CUST01851,0
CUST01852,0
CUST01853,1
CUST01854,0
CUST01855,1
CUST01856,0
CUST01857,0
CUST01858,1
CUST01859,1
CUST01860,0
CUST01861,0
CUST01862,0
CUST01863,1
CUST01864,0
CUST01865,0
CUST01866,1
CUST01867,0
CUST01868,0
CUST01869,1
CUST01870,1
CUST01871,0
CUST01872,0
CUST01873,1
CUST01874,0
CUST01875,0
CUST01876,1
CUST01877,0
CUST01878,1
CUST01879,1
CUST01880,1
CUST01881,0
CUST01882,0
CUST01883,1
CUST01884,1
CUST01885,0
CUST01886,0
CUST01887,1
CUST01888,0
CUST01889,0
CUST01890,0
CUST01891,1
CUST01892,0
CUST01893,1
CUST01894,1
CUST01895,1
CUST01896,0
CUST01897,1
CUST01898,1
CUST01899,0
CUST01900,0
CUST01901,0
CUST01902,1
CUST01903,1
CUST01904,1
CUST01905,1
CUST01906,0
CUST01907,1
CUST01908,1
CUST01909,0
CUST01910,1
CUST01911,1
CUST01912,0
CUST01913,1
CUST01914,0
CUST01915,0
CUST01916,1
CUST01917,0
CUST01918,0
CUST01919,0
CUST01920,0
CUST01921,0
CUST01922,0
CUST01923,1
CUST01924,0
CUST01925,1
CUST01926,1
CUST01927,0
CUST01928,0
CUST01929,1
CUST01930,1
CUST01931,0
CUST01932,0
CUST01933,0
CUST01934,0
CUST01935,1
CUST01936,1
CUST01937,1
CUST01938,0
CUST01939,0
CUST01940,0
CUST01941,1
CUST01942,1
CUST01943,1
CUST01944,0
CUST01945,0
CUST01946,0
CUST01947,1
CUST01948,0
CUST01949,1
CUST01950,1
CUST01951,0
CUST01952,0
CUST01953,0
CUST01954,0
CUST01955,1
CUST01956,1
CUST01957,0
CUST01958,1
CUST01959,0
CUST01960,1
CUST01961,1
CUST01962,0
CUST01963,1
CUST01964,0
CUST01965,1
CUST01966,1
CUST01967,0
CUST01968,1
CUST01969,1
CUST01970,1
CUST01971,0
CUST01972,0
CUST01973,0
CUST01974,0
CUST01975,0
CUST01976,1
CUST01977,0
CUST01978,0
CUST01979,1
CUST01980,0
CUST01981,1
CUST01982,0
CUST01983,0
CUST01984,1
CUST01985,0
CUST01986,0
CUST01987,1
CUST01988,0
CUST01989,0
CUST01990,1
CUST01991,0
CUST01992,0
CUST01993,1
CUST01994,1
CUST01995,0
CUST01996,0
CUST01997,0
CUST01998,0
CUST01999,0
CUST02000,1
CUST02001,0
CUST02002,0
CUST02003,1
CUST02004,0
CUST02005,0
CUST02006,0
CUST02007,1
CUST02008,0
CUST02009,0
CUST02010,0
CUST02011,1
CUST02012,0
CUST02013,1
CUST02014,0
CUST02015,1
CUST02016,0
CUST02017,1
CUST02018,1
CUST02019,0
CUST02020,1
CUST02021,0
CUST02022,1
CUST02023,0
CUST02024,1
CUST02025,0
CUST02026,0
CUST02027,0
CUST02028,0
CUST02029,1
CUST02030,1
CUST02031,1
CUST02032,1
CUST02033,1
CUST02034,1
CUST02035,0
CUST02036,1
CUST02037,1
CUST02038,1
CUST02039,0
CUST02040,1
CUST02041,0
CUST02042,0
CUST02043,1
CUST02044,1
CUST02045,0
CUST02046,1
CUST02047,1
CUST02048,0
CUST02049,1
CUST02050,1
CUST02051,1
CUST02052,0
CUST02053,1
CUST02054,1
CUST02055,1
CUST02056,0
CUST02057,1
CUST02058,1
CUST02059,1
CUST02060,0
CUST02061,1
CUST02062,0
CUST02063,0
CUST02064,0
CUST02065,1
CUST02066,0
CUST02067,0
CUST02068,1
CUST02069,1
CUST02070,0
CUST02071,1
CUST02072,0
CUST02073,0
CUST02074,0
CUST02075,0
CUST02076,0
CUST02077,0
CUST02078,0
CUST02079,0
CUST02080,1
CUST02081,0
CUST02082,1
CUST02083,0
CUST02084,1
CUST02085,0
CUST02086,1
CUST02087,1
CUST02088,1
CUST02089,1
CUST02090,0
CUST02091,0
CUST02092,0
CUST02093,0
CUST02094,0
CUST02095,0
CUST02096,1
CUST02097,1
CUST02098,0
CUST02099,0
CUST02100,0
CUST02101,1
CUST02102,0
CUST02103,0
CUST02104,0
CUST02105,0
CUST02106,1
CUST02107,1
CUST02108,1
CUST02109,1
CUST02110,1
CUST02111,0
CUST02112,1
CUST02113,1
CUST02114,1
CUST02115,0
CUST02116,1
CUST02117,0
CUST02118,1
CUST02119,0
CUST02120,1
CUST02121,0
CUST02122,0
CUST02123,0
CUST02124,1
CUST02125,0
CUST02126,1
CUST02127,0
CUST02128,1
CUST02129,0
CUST02130,1
CUST02131,1
CUST02132,0
CUST02133,0
CUST02134,0
CUST02135,1
CUST02136,0
CUST02137,0
CUST02138,0
CUST02139,1
CUST02140,0
CUST02141,0
CUST02142,1
CUST02143,1
CUST02144,1
CUST02145,1
CUST02146,1
CUST02147,0
CUST02148,0
CUST02149,1
CUST02150,0
CUST02151,0
CUST02152,0
CUST02153,0
CUST02154,1
CUST02155,1
CUST02156,1
CUST02157,1
CUST02158,0
CUST02159,1
CUST02160,0
CUST02161,1
CUST02162,0
CUST02163,1
CUST02164,1
CUST02165,0
CUST02166,0
CUST02167,0
CUST02168,0
CUST02169,1
CUST02170,0
CUST02171,0
CUST02172,0
CUST02173,1
CUST02174,0
CUST02175,1
CUST02176,0
CUST02177,0
CUST02178,0
CUST02179,0
CUST02180,0
CUST02181,1
CUST02182,1
CUST02183,1
CUST02184,0
CUST02185,0
CUST02186,1
CUST02187,0
CUST02188,0
CUST02189,1
CUST02190,0
CUST02191,1
CUST02192,1
CUST02193,1
CUST02194,0
CUST02195,0
CUST02196,1
CUST02197,0
CUST02198,0
CUST02199,0
CUST02200,1
CUST02201,0
CUST02202,1
CUST02203,0
CUST02204,1
CUST02205,0
CUST02206,1
CUST02207,1
CUST02208,0
CUST02209,0
CUST02210,1
CUST02211,1
CUST02212,1
CUST02213,0
CUST02214,0
CUST02215,0
CUST02216,0
CUST02217,0
CUST02218,0
CUST02219,1
CUST02220,0
CUST02221,0
CUST02222,1
CUST02223,1
CUST02224,1
CUST02225,0
CUST02226,1
CUST02227,1
CUST02228,0
CUST02229,0
CUST02230,0
CUST02231,0
CUST02232,1
CUST02233,0
CUST02234,0
CUST02235,1
CUST02236,0
CUST02237,1
CUST02238,1
CUST02239,1
CUST02240,1
CUST02241,1
CUST02242,1
CUST02243,0
CUST02244,1
CUST02245,1
CUST02246,0
CUST02247,0
CUST02248,0
CUST02249,0
CUST02250,1
CUST02251,1
CUST02252,1
CUST02253,0
CUST02254,0
CUST02255,0
CUST02256,1
CUST02257,0
CUST02258,1
CUST02259,0
CUST02260,1
CUST02261,0
CUST02262,1
CUST02263,1
CUST02264,1
CUST02265,1
CUST02266,1
CUST02267,0
CUST02268,1
CUST02269,1
CUST02270,0
CUST02271,1
CUST02272,0
CUST02273,0
CUST02274,1
CUST02275,1
CUST02276,0
CUST02277,1
CUST02278,0
CUST02279,0
CUST02280,1
CUST02281,0
CUST02282,0
CUST02283,1
CUST02284,0
CUST02285,1
CUST02286,1
CUST02287,1
CUST02288,1
CUST02289,0
CUST02290,1
CUST02291,0
CUST02292,0
CUST02293,0
CUST02294,0
CUST02295,0
CUST02296,0
CUST02297,0
CUST02298,0
CUST02299,0
CUST02300,1
CUST02301,0
CUST02302,0
CUST02303,1
CUST02304,1
CUST02305,1
CUST02306,1
CUST02307,0
CUST02308,1
CUST02309,0
CUST02310,1
CUST02311,0
CUST02312,1
CUST02313,1
CUST02314,0
CUST02315,0
CUST02316,0
CUST02317,1
CUST02318,1
CUST02319,1
CUST02320,0
CUST02321,0
CUST02322,1
CUST02323,1
CUST02324,1
CUST02325,1
CUST02326,1
CUST02327,0
CUST02328,1
CUST02329,1
CUST02330,1
CUST02331,0
CUST02332,0
CUST02333,1
CUST02334,1
CUST02335,1
CUST02336,0
CUST02337,0
CUST02338,0
CUST02339,1
CUST02340,0
CUST02341,1
CUST02342,1
CUST02343,0
CUST02344,1
CUST02345,0
CUST02346,0
CUST02347,1
CUST02348,0
CUST02349,0
CUST02350,0
CUST02351,0
CUST02352,1
CUST02353,0
CUST02354,0
CUST02355,1
CUST02356,0
CUST02357,0
CUST02358,1
CUST02359,0
CUST02360,1
CUST02361,0
CUST02362,0
CUST02363,0
CUST02364,0
CUST02365,1
CUST02366,0
CUST02367,1
CUST02368,1
CUST02369,0
CUST02370,0
CUST02371,0
CUST02372,1
CUST02373,1
CUST02374,0
CUST02375,0
CUST02376,0
CUST02377,1
CUST02378,1
CUST02379,0
CUST02380,1
CUST02381,1
CUST02382,1
CUST02383,0
CUST02384,0
CUST02385,1
CUST02386,0
CUST02387,1
CUST02388,1
CUST02389,0
CUST02390,0
CUST02391,1
CUST02392,0
CUST02393,1
CUST02394,0
CUST02395,0
CUST02396,0
CUST02397,0
CUST02398,1
CUST02399,0
CUST02400,1
CUST02401,0
CUST02402,1
CUST02403,1
CUST02404,1
CUST02405,0
CUST02406,0
CUST02407,1
CUST02408,0
CUST02409,0
CUST02410,1
CUST02411,0
CUST02412,1
CUST02413,1
CUST02414,1
CUST02415,1
CUST02416,0
CUST02417,1
CUST02418,1
CUST02419,0
CUST02420,1
CUST02421,0
CUST02422,1
CUST02423,1
CUST02424,1
CUST02425,0
CUST02426,1
CUST02427,0
CUST02428,1
CUST02429,1
CUST02430,0
CUST02431,0
CUST02432,1
CUST02433,1
CUST02434,0
CUST02435,0
CUST02436,0
CUST02437,1
CUST02438,1
CUST02439,1
CUST02440,0
CUST02441,1
CUST02442,1
CUST02443,1
CUST02444,0
CUST02445,1
CUST02446,1
CUST02447,1
CUST02448,1
CUST02449,0
CUST02450,0
CUST02451,1
CUST02452,1
CUST02453,1
CUST02454,1
CUST02455,1
CUST02456,1
CUST02457,1
CUST02458,0
CUST02459,1
CUST02460,0
CUST02461,1
CUST02462,0
CUST02463,1
CUST02464,0
CUST02465,0
CUST02466,0
CUST02467,0
CUST02468,0
CUST02469,0
CUST02470,0
CUST02471,1
CUST02472,1
CUST02473,0
CUST02474,0
CUST02475,0
CUST02476,1
CUST02477,0
CUST02478,0
CUST02479,1
CUST02480,1
CUST02481,1
CUST02482,0
CUST02483,1
CUST02484,1
CUST02485,0
CUST02486,0
CUST02487,0
CUST02488,0
CUST02489,0
CUST02490,0
CUST02491,0
CUST02492,0
CUST02493,0
CUST02494,0
CUST02495,1
CUST02496,0
CUST02497,0
CUST02498,1
CUST02499,1
CUST02500,0
CUST02501,0
CUST02502,0
CUST02503,1
CUST02504,1
CUST02505,1
CUST02506,1
CUST02507,0
CUST02508,0
CUST02509,0
CUST02510,1
CUST02511,1
CUST02512,0
CUST02513,1
CUST02514,1
CUST02515,0
CUST02516,1
CUST02517,1
CUST02518,1
CUST02519,0
CUST02520,0
CUST02521,0
CUST02522,1
CUST02523,0
CUST02524,0
CUST02525,0
CUST02526,1
CUST02527,1
CUST02528,0
CUST02529,0
CUST02530,0
CUST02531,1
CUST02532,1
CUST02533,1
CUST02534,0
CUST02535,0
CUST02536,0
CUST02537,0
CUST02538,0
CUST02539,0
CUST02540,1
CUST02541,0
CUST02542,1
CUST02543,0
CUST02544,1
CUST02545,0
CUST02546,1
CUST02547,1
CUST02548,0
CUST02549,0
CUST02550,1
CUST02551,1
CUST02552,1
CUST02553,0
CUST02554,0
CUST02555,0
CUST02556,1
CUST02557,1
CUST02558,1
CUST02559,1
CUST02560,0
CUST02561,0
CUST02562,0
CUST02563,0
CUST02564,0
CUST02565,0
CUST02566,0
CUST02567,1
CUST02568,0
CUST02569,0
CUST02570,1
CUST02571,0
CUST02572,0
CUST02573,0
CUST02574,0
CUST02575,1
CUST02576,1
CUST02577,1
CUST02578,1
CUST02579,0
CUST02580,1
CUST02581,1
CUST02582,1
CUST02583,0
CUST02584,1
CUST02585,0
CUST02586,0
CUST02587,1
CUST02588,1
CUST02589,0
CUST02590,1
CUST02591,1
CUST02592,0
CUST02593,1
CUST02594,0
CUST02595,1
CUST02596,0
CUST02597,1
CUST02598,0
CUST02599,1
CUST02600,1
CUST02601,1
CUST02602,0
CUST02603,1
CUST02604,0
CUST02605,1
CUST02606,0
CUST02607,0
CUST02608,0
CUST02609,1
CUST02610,1
CUST02611,0
CUST02612,0
CUST02613,0
CUST02614,0
CUST02615,1
CUST02616,0
CUST02617,1
CUST02618,1
CUST02619,1
CUST02620,0
CUST02621,0
CUST02622,0
CUST02623,0
CUST02624,0
CUST02625,0
CUST02626,1
CUST02627,1
CUST02628,1
CUST02629,1
CUST02630,0
CUST02631,0
CUST02632,1
CUST02633,1
CUST02634,1
CUST02635,1
CUST02636,0
CUST02637,0
CUST02638,1
CUST02639,0
CUST02640,0
CUST02641,1
CUST02642,0
CUST02643,0
CUST02644,1
CUST02645,0
CUST02646,0
CUST02647,0
CUST02648,0
CUST02649,0
CUST02650,1
CUST02651,1
CUST02652,1
CUST02653,0
CUST02654,0
CUST02655,1
CUST02656,0
CUST02657,0
CUST02658,1
CUST02659,0
CUST02660,1
CUST02661,1
CUST02662,1
CUST02663,0
CUST02664,1
CUST02665,0
CUST02666,0
CUST02667,0
CUST02668,1
CUST02669,0
CUST02670,1
CUST02671,0
CUST02672,0
CUST02673,1
CUST02674,0
CUST02675,1
CUST02676,0
CUST02677,1
CUST02678,1
CUST02679,0
CUST02680,1
CUST02681,0
CUST02682,0
CUST02683,0
CUST02684,1
CUST02685,1
CUST02686,0
CUST02687,1
CUST02688,1
CUST02689,0
CUST02690,1
CUST02691,0
CUST02692,0
CUST02693,1
CUST02694,0
CUST02695,1
CUST02696,0
CUST02697,0
CUST02698,0
CUST02699,1
CUST02700,1
CUST02701,0
CUST02702,1
CUST02703,0
CUST02704,0
CUST02705,0
CUST02706,0
CUST02707,1
CUST02708,0
CUST02709,1
CUST02710,0
CUST02711,0
CUST02712,0
CUST02713,1
CUST02714,0
CUST02715,0
CUST02716,1
CUST02717,1
CUST02718,0
CUST02719,1
CUST02720,0
CUST02721,0
CUST02722,0
CUST02723,1
CUST02724,0
CUST02725,1
CUST02726,0
CUST02727,1
CUST02728,1
CUST02729,0
CUST02730,0
CUST02731,1
CUST02732,0
CUST02733,1
CUST02734,1
CUST02735,0
CUST02736,1
CUST02737,1
CUST02738,0
CUST02739,1
CUST02740,0
CUST02741,0
CUST02742,1
CUST02743,0
CUST02744,0
CUST02745,1
CUST02746,0
CUST02747,1
CUST02748,0
CUST02749,1
CUST02750,0
CUST02751,0
CUST02752,1
CUST02753,0
CUST02754,1
CUST02755,1
CUST02756,1
CUST02757,0
CUST02758,0
CUST02759,0
CUST02760,1
CUST02761,0
CUST02762,0
CUST02763,0
CUST02764,1
CUST02765,1
CUST02766,1
CUST02767,0
CUST02768,0
CUST02769,0
CUST02770,0
CUST02771,1
CUST02772,0
CUST02773,0
CUST02774,0
CUST02775,1
CUST02776,1
CUST02777,1
CUST02778,0
CUST02779,1
CUST02780,0
CUST02781,0
CUST02782,0
CUST02783,1
CUST02784,0
CUST02785,1
CUST02786,0
CUST02787,1
CUST02788,0
CUST02789,0
CUST02790,0
CUST02791,1
CUST02792,0
CUST02793,0
CUST02794,0
CUST02795,0
CUST02796,1
CUST02797,1
CUST02798,0
CUST02799,1
CUST02800,1
CUST02801,1
CUST02802,0
CUST02803,1
CUST02804,1
CUST02805,1
CUST02806,0
CUST02807,1
CUST02808,1
CUST02809,1
CUST02810,0
CUST02811,1
CUST02812,1
CUST02813,0
CUST02814,1
CUST02815,0
CUST02816,1
CUST02817,0
CUST02818,0
CUST02819,1
CUST02820,1
CUST02821,0
CUST02822,1
CUST02823,0
CUST02824,0
CUST02825,0
CUST02826,1
CUST02827,1
CUST02828,1
CUST02829,0
CUST02830,0
CUST02831,0
CUST02832,0
CUST02833,1
CUST02834,0
CUST02835,1
CUST02836,0
CUST02837,0
CUST02838,1
CUST02839,0
CUST02840,1
CUST02841,0
CUST02842,0
CUST02843,1
CUST02844,1
CUST02845,0
CUST02846,0
CUST02847,1
CUST02848,1
CUST02849,0
CUST02850,1
CUST02851,1
CUST02852,1
CUST02853,1
CUST02854,0
CUST02855,0
CUST02856,0
CUST02857,0
CUST02858,0
CUST02859,0
CUST02860,0
CUST02861,1
CUST02862,0
CUST02863,1
CUST02864,0
CUST02865,1
CUST02866,1
CUST02867,0
CUST02868,1
CUST02869,1
CUST02870,0
CUST02871,1
CUST02872,1
CUST02873,0
CUST02874,0
CUST02875,1
CUST02876,0
CUST02877,0
CUST02878,1
CUST02879,0
CUST02880,0
CUST02881,0
CUST02882,0
CUST02883,0
CUST02884,1
CUST02885,1
CUST02886,0
CUST02887,0
CUST02888,0
CUST02889,1
CUST02890,0
CUST02891,1
CUST02892,1
CUST02893,1
CUST02894,0
CUST02895,0
CUST02896,0
CUST02897,0
CUST02898,0
CUST02899,1
CUST02900,1
CUST02901,1
CUST02902,1
CUST02903,0
CUST02904,0
CUST02905,0
CUST02906,1
CUST02907,0
CUST02908,0
CUST02909,0
CUST02910,1
CUST02911,1
CUST02912,0
CUST02913,1
CUST02914,0
CUST02915,0
CUST02916,0
CUST02917,0
CUST02918,1
CUST02919,0
CUST02920,0
CUST02921,0
CUST02922,0
CUST02923,0
CUST02924,0
CUST02925,0
CUST02926,1
CUST02927,0
CUST02928,0
CUST02929,0
CUST02930,1
CUST02931,0
CUST02932,1
CUST02933,1
CUST02934,0
CUST02935,0
CUST02936,0
CUST02937,0
CUST02938,1
CUST02939,0
CUST02940,0
CUST02941,1
CUST02942,0
CUST02943,0
CUST02944,0
CUST02945,0
CUST02946,0
CUST02947,0
CUST02948,1
CUST02949,1
CUST02950,0
CUST02951,0
CUST02952,1
CUST02953,1
CUST02954,0
CUST02955,0
CUST02956,0
CUST02957,1
CUST02958,1
CUST02959,1
CUST02960,0
CUST02961,0
CUST02962,1
CUST02963,1
CUST02964,1
CUST02965,0
CUST02966,1
CUST02967,1
CUST02968,0
CUST02969,1
CUST02970,0
CUST02971,1
CUST02972,0
CUST02973,1
CUST02974,0
CUST02975,1
CUST02976,0
CUST02977,0
CUST02978,0
CUST02979,1
CUST02980,1
CUST02981,1
CUST02982,1
CUST02983,0
CUST02984,1
CUST02985,0
CUST02986,1
CUST02987,1
CUST02988,1
CUST02989,0
CUST02990,0
CUST02991,0
CUST02992,0
CUST02993,1
CUST02994,1
CUST02995,0
CUST02996,1
CUST02997,1
CUST02998,0
CUST02999,0
CUST03000,1
CUST03001,0
CUST03002,1
CUST03003,0
CUST03004,0
CUST03005,0
CUST03006,0
CUST03007,1
CUST03008,0
CUST03009,1
CUST03010,0
CUST03011,1
CUST03012,1
CUST03013,1
CUST03014,0
CUST03015,1
CUST03016,0
CUST03017,1
CUST03018,0
CUST03019,0
CUST03020,0
CUST03021,0
CUST03022,0
CUST03023,0
CUST03024,1
CUST03025,0
CUST03026,1
CUST03027,0
CUST03028,0
CUST03029,0
CUST03030,1
CUST03031,0
CUST03032,1
CUST03033,0
CUST03034,1
CUST03035,0
CUST03036,0
CUST03037,0
CUST03038,1
CUST03039,0
CUST03040,0
CUST03041,0
CUST03042,1
CUST03043,0
CUST03044,0
CUST03045,0
CUST03046,0
CUST03047,0
CUST03048,0
CUST03049,0
CUST03050,1
CUST03051,0
CUST03052,0
CUST03053,0
CUST03054,1
CUST03055,1
CUST03056,1
CUST03057,1
CUST03058,1
CUST03059,1
CUST03060,1
CUST03061,1
CUST03062,0
CUST03063,0
CUST03064,0
CUST03065,1
CUST03066,0
CUST03067,1
CUST03068,0
CUST03069,0
CUST03070,0
CUST03071,0
CUST03072,0
CUST03073,0
CUST03074,0
CUST03075,0
CUST03076,0
CUST03077,0
CUST03078,1
CUST03079,1
CUST03080,0
CUST03081,0
CUST03082,1
CUST03083,0
CUST03084,0
CUST03085,1
CUST03086,0
CUST03087,0
CUST03088,1
CUST03089,1
CUST03090,0
CUST03091,0
CUST03092,1
CUST03093,1
CUST03094,1
CUST03095,1
CUST03096,1
CUST03097,1
CUST03098,0
CUST03099,1
CUST03100,1
CUST03101,1
CUST03102,1
CUST03103,1
CUST03104,1
CUST03105,1
CUST03106,0
CUST03107,0
CUST03108,0
CUST03109,0
CUST03110,0
CUST03111,1
CUST03112,0
CUST03113,1
CUST03114,0
CUST03115,1
CUST03116,1
CUST03117,0
CUST03118,0
CUST03119,1
CUST03120,0
CUST03121,0
CUST03122,1
CUST03123,1
CUST03124,1
CUST03125,0
CUST03126,1
CUST03127,0
CUST03128,1
CUST03129,1
CUST03130,0
CUST03131,0
CUST03132,1
CUST03133,0
CUST03134,1
CUST03135,0
CUST03136,0
CUST03137,0
CUST03138,0
CUST03139,1
CUST03140,1
CUST03141,1
CUST03142,0
CUST03143,0
CUST03144,1
CUST03145,0
CUST03146,0
CUST03147,1
CUST03148,0
CUST03149,1
CUST03150,1
CUST03151,0
CUST03152,1
CUST03153,1
CUST03154,0
CUST03155,1
CUST03156,0
CUST03157,1
CUST03158,0
CUST03159,0
CUST03160,0
CUST03161,1
CUST03162,1
CUST03163,1
CUST03164,1
CUST03165,1
CUST03166,0
CUST03167,0
CUST03168,1
CUST03169,0
CUST03170,0
CUST03171,0
CUST03172,0
CUST03173,1
CUST03174,1
CUST03175,0
CUST03176,0
CUST03177,1
CUST03178,1
CUST03179,0
CUST03180,0
CUST03181,0
CUST03182,0
CUST03183,1
CUST03184,0
CUST03185,0
CUST03186,1
CUST03187,1
CUST03188,1
CUST03189,0
CUST03190,0
CUST03191,0
CUST03192,0
CUST03193,0
CUST03194,0
CUST03195,0
CUST03196,1
CUST03197,0
CUST03198,0
CUST03199,0
CUST03200,0
CUST03201,0
CUST03202,0
CUST03203,1
CUST03204,0
CUST03205,0
CUST03206,1
CUST03207,0
CUST03208,0
CUST03209,0
CUST03210,1
CUST03211,0
CUST03212,1
CUST03213,0
CUST03214,0
CUST03215,0
CUST03216,1
CUST03217,1
CUST03218,0
CUST03219,1
CUST03220,1
CUST03221,0
CUST03222,1
CUST03223,0
CUST03224,0
CUST03225,0
CUST03226,1
CUST03227,1
CUST03228,0
CUST03229,1
CUST03230,0
CUST03231,1
CUST03232,0
CUST03233,1
CUST03234,0
CUST03235,1
CUST03236,0
CUST03237,0
CUST03238,0
CUST03239,0
CUST03240,0
CUST03241,0
CUST03242,0
CUST03243,1
CUST03244,0
CUST03245,1
CUST03246,0
CUST03247,1
CUST03248,1
CUST03249,0
CUST03250,1
CUST03251,1
CUST03252,1
CUST03253,0
CUST03254,0
CUST03255,0
CUST03256,0
CUST03257,1
CUST03258,0
CUST03259,1
CUST03260,0
CUST03261,0
CUST03262,1
CUST03263,0
CUST03264,0
CUST03265,1
CUST03266,0
CUST03267,0
CUST03268,0
CUST03269,0
CUST03270,1
CUST03271,1
CUST03272,0
CUST03273,1
CUST03274,1
CUST03275,1
CUST03276,1
CUST03277,1
CUST03278,1
CUST03279,0
CUST03280,0
CUST03281,0
CUST03282,0
CUST03283,0
CUST03284,1
CUST03285,0
CUST03286,0
CUST03287,0
CUST03288,0
CUST03289,0
CUST03290,1
CUST03291,0
CUST03292,0
CUST03293,1
CUST03294,1
CUST03295,1
CUST03296,0
CUST03297,0
CUST03298,1
CUST03299,0
CUST03300,1
CUST03301,0
CUST03302,1
CUST03303,1
CUST03304,1
CUST03305,1
CUST03306,0
CUST03307,1
CUST03308,0
CUST03309,1
CUST03310,0
CUST03311,1
CUST03312,0
CUST03313,0
CUST03314,0
CUST03315,0
CUST03316,0
CUST03317,1
CUST03318,0
CUST03319,1
CUST03320,0
CUST03321,1
CUST03322,0
CUST03323,1
CUST03324,1
CUST03325,0
CUST03326,0
CUST03327,0
CUST03328,1
CUST03329,1
CUST03330,0
CUST03331,0
CUST03332,0
CUST03333,1
CUST03334,1
CUST03335,1
CUST03336,0
CUST03337,0
CUST03338,1
CUST03339,0
CUST03340,1
CUST03341,1
CUST03342,0
CUST03343,1
CUST03344,1
CUST03345,0
CUST03346,0
CUST03347,0
CUST03348,0
CUST03349,0
CUST03350,1
CUST03351,1
CUST03352,0
CUST03353,1
CUST03354,1
CUST03355,0
CUST03356,1
CUST03357,0
CUST03358,1
CUST03359,1
CUST03360,1
CUST03361,0
CUST03362,1
CUST03363,1
CUST03364,1
CUST03365,0
CUST03366,0
CUST03367,0
CUST03368,0
CUST03369,0
CUST03370,1
CUST03371,1
CUST03372,0
CUST03373,1
CUST03374,0
CUST03375,1
CUST03376,1
CUST03377,1
CUST03378,0
CUST03379,0
CUST03380,0
CUST03381,0
CUST03382,1
CUST03383,0
CUST03384,1
CUST03385,1
CUST03386,1
CUST03387,0
CUST03388,1
CUST03389,0
CUST03390,0
CUST03391,1
CUST03392,0
CUST03393,0
CUST03394,0
CUST03395,1
CUST03396,0
CUST03397,1
CUST03398,0
CUST03399,0
CUST03400,1
CUST03401,0
CUST03402,1
CUST03403,0
CUST03404,1
CUST03405,1
CUST03406,0
CUST03407,0
CUST03408,0
CUST03409,0
CUST03410,1
CUST03411,0
CUST03412,1
CUST03413,0
CUST03414,1
CUST03415,1
CUST03416,0
CUST03417,0
CUST03418,0
CUST03419,0
CUST03420,1
CUST03421,1
CUST03422,0
CUST03423,1
CUST03424,1
CUST03425,0
CUST03426,0
CUST03427,0
CUST03428,1
CUST03429,0
CUST03430,1
CUST03431,0
CUST03432,1
CUST03433,0
CUST03434,1
CUST03435,0
CUST03436,1
CUST03437,1
CUST03438,1
CUST03439,0
CUST03440,1
CUST03441,0
CUST03442,0
CUST03443,0
CUST03444,1
CUST03445,0
CUST03446,0
CUST03447,0
CUST03448,0
CUST03449,0
CUST03450,1
CUST03451,0
CUST03452,1
CUST03453,0
CUST03454,0
CUST03455,0
CUST03456,0
CUST03457,0
CUST03458,0
CUST03459,0
CUST03460,1
CUST03461,1
CUST03462,1
CUST03463,1
CUST03464,1
CUST03465,0
CUST03466,0
CUST03467,1
CUST03468,1
CUST03469,0
CUST03470,0
CUST03471,0
CUST03472,0
CUST03473,1
CUST03474,0
CUST03475,1
CUST03476,1
CUST03477,1
CUST03478,0
CUST03479,0
CUST03480,0
CUST03481,1
CUST03482,1
CUST03483,1
CUST03484,0
CUST03485,0
CUST03486,1
CUST03487,1
CUST03488,0
CUST03489,1
CUST03490,1
CUST03491,0
CUST03492,1
CUST03493,1
CUST03494,0
CUST03495,0
CUST03496,1
CUST03497,0
CUST03498,1
CUST03499,1
CUST03500,1
CUST03501,1
CUST03502,1
CUST03503,1
CUST03504,0
CUST03505,0
CUST03506,0
CUST03507,0
CUST03508,1
CUST03509,1
CUST03510,0
CUST03511,1
CUST03512,1
CUST03513,0
CUST03514,1
CUST03515,1
CUST03516,0
CUST03517,0
CUST03518,0
CUST03519,1
CUST03520,0
CUST03521,0
CUST03522,1
CUST03523,1
CUST03524,1
CUST03525,1
CUST03526,0
CUST03527,0
CUST03528,0
CUST03529,1
CUST03530,1
CUST03531,0
CUST03532,1
CUST03533,0
CUST03534,1
CUST03535,0
CUST03536,1
CUST03537,1
CUST03538,1
CUST03539,0
CUST03540,1
CUST03541,1
CUST03542,0
CUST03543,0
CUST03544,1
CUST03545,0
CUST03546,0
CUST03547,0
CUST03548,1
CUST03549,1
CUST03550,0
CUST03551,0
CUST03552,1
CUST03553,0
CUST03554,0
CUST03555,0
CUST03556,0
CUST03557,0
CUST03558,0
CUST03559,0
CUST03560,0
CUST03561,1
CUST03562,0
CUST03563,0
CUST03564,0
CUST03565,1
CUST03566,1
CUST03567,0
CUST03568,0
CUST03569,0
CUST03570,0
CUST03571,1
CUST03572,0
CUST03573,1
CUST03574,1
CUST03575,0
CUST03576,1
CUST03577,0
CUST03578,0
CUST03579,1
CUST03580,1
CUST03581,1
CUST03582,1
CUST03583,1
CUST03584,0
CUST03585,0
CUST03586,0
CUST03587,0
CUST03588,1
CUST03589,0
CUST03590,1
CUST03591,1
CUST03592,0
CUST03593,1
CUST03594,0
CUST03595,0
CUST03596,1
CUST03597,1
CUST03598,0
CUST03599,0
CUST03600,0
CUST03601,0
CUST03602,1
CUST03603,0
CUST03604,0
CUST03605,1
CUST03606,0
CUST03607,0
CUST03608,1
CUST03609,0
CUST03610,0
CUST03611,1
CUST03612,0
CUST03613,0
CUST03614,1
CUST03615,1
CUST03616,1
CUST03617,0
CUST03618,1
CUST03619,0
CUST03620,0
CUST03621,0
CUST03622,0
CUST03623,0
CUST03624,1
CUST03625,0
CUST03626,0
CUST03627,1
CUST03628,1
CUST03629,0
CUST03630,0
CUST03631,1
CUST03632,0
CUST03633,0
CUST03634,0
CUST03635,0
CUST03636,0
CUST03637,0
CUST03638,1
CUST03639,1
CUST03640,1
CUST03641,1
CUST03642,1
CUST03643,0
CUST03644,1
CUST03645,0
CUST03646,0
CUST03647,0
CUST03648,1
CUST03649,0
CUST03650,0
CUST03651,1
CUST03652,1
CUST03653,0
CUST03654,1
CUST03655,1
CUST03656,0
CUST03657,0
CUST03658,1
CUST03659,0
CUST03660,0
CUST03661,0
CUST03662,1
CUST03663,0
CUST03664,0
CUST03665,0
CUST03666,1
CUST03667,0
CUST03668,1
CUST03669,0
CUST03670,0
CUST03671,0
CUST03672,0
CUST03673,1
CUST03674,0
CUST03675,1
CUST03676,0
CUST03677,0
CUST03678,1
CUST03679,0
CUST03680,0
CUST03681,0
CUST03682,1
CUST03683,0
CUST03684,0
CUST03685,1
CUST03686,0
CUST03687,0
CUST03688,0
CUST03689,1
CUST03690,0
CUST03691,0
CUST03692,1
CUST03693,0
CUST03694,0
CUST03695,0
CUST03696,0
CUST03697,1
CUST03698,1
CUST03699,0
CUST03700,1
CUST03701,0
CUST03702,1
CUST03703,0
CUST03704,0
CUST03705,0
CUST03706,1
CUST03707,0
CUST03708,1
CUST03709,1
CUST03710,0
CUST03711,1
CUST03712,0
CUST03713,1
CUST03714,1
CUST03715,1
CUST03716,1
CUST03717,0
CUST03718,1
CUST03719,1
CUST03720,1
CUST03721,0
CUST03722,0
CUST03723,0
CUST03724,1
CUST03725,0
CUST03726,0
CUST03727,0
CUST03728,0
CUST03729,0
CUST03730,1
CUST03731,0
CUST03732,0
CUST03733,1
CUST03734,0
CUST03735,1
CUST03736,0
CUST03737,1
CUST03738,0
CUST03739,1
CUST03740,0
CUST03741,1
CUST03742,1
CUST03743,1
CUST03744,1
CUST03745,0
CUST03746,1
CUST03747,0
CUST03748,0
CUST03749,0
CUST03750,1
CUST03751,0
CUST03752,0
CUST03753,0
CUST03754,0
CUST03755,0
CUST03756,1
CUST03757,0
CUST03758,0
CUST03759,0
CUST03760,0
CUST03761,0
CUST03762,0
CUST03763,1
CUST03764,0
CUST03765,0
CUST03766,0
CUST03767,0
CUST03768,0
CUST03769,1
CUST03770,0
CUST03771,0
CUST03772,0
CUST03773,0
CUST03774,0
CUST03775,1
CUST03776,0
CUST03777,0
CUST03778,1
CUST03779,0
CUST03780,1
CUST03781,1
CUST03782,0
CUST03783,1
CUST03784,1
CUST03785,1
CUST03786,0
CUST03787,1
CUST03788,1
CUST03789,0
CUST03790,0
CUST03791,0
CUST03792,0
CUST03793,1
CUST03794,0
CUST03795,0
CUST03796,0
CUST03797,1
CUST03798,0
CUST03799,1
CUST03800,0
CUST03801,0
CUST03802,0
CUST03803,0
CUST03804,0
CUST03805,0
CUST03806,1
CUST03807,0
CUST03808,0
CUST03809,0
CUST03810,1
CUST03811,1
CUST03812,1
CUST03813,1
CUST03814,1
CUST03815,1
CUST03816,1
CUST03817,1
CUST03818,1
CUST03819,0
CUST03820,1
CUST03821,0
CUST03822,0
CUST03823,1
CUST03824,0
CUST03825,0
CUST03826,0
CUST03827,1
CUST03828,1
CUST03829,1
CUST03830,0
CUST03831,0
CUST03832,0
CUST03833,1
CUST03834,0
CUST03835,1
CUST03836,0
CUST03837,0
CUST03838,1
CUST03839,0
CUST03840,1
CUST03841,1
CUST03842,1
CUST03843,0
CUST03844,1
CUST03845,0
CUST03846,0
CUST03847,1
CUST03848,0
CUST03849,0
CUST03850,1
CUST03851,0
CUST03852,0
CUST03853,1
CUST03854,0
CUST03855,0
CUST03856,1
CUST03857,1
CUST03858,1
CUST03859,0
CUST03860,1
CUST03861,0
CUST03862,1
CUST03863,0
CUST03864,1
CUST03865,1
CUST03866,0
CUST03867,0
CUST03868,1
CUST03869,0
CUST03870,0
CUST03871,0
CUST03872,1
CUST03873,0
CUST03874,0
CUST03875,1
CUST03876,0
CUST03877,0
CUST03878,0
CUST03879,0
CUST03880,0
CUST03881,1
CUST03882,0
CUST03883,0
CUST03884,0
CUST03885,0
CUST03886,1
CUST03887,1
CUST03888,0
CUST03889,1
CUST03890,1
CUST03891,0
CUST03892,1
CUST03893,1
CUST03894,0
CUST03895,0
CUST03896,0
CUST03897,0
CUST03898,0
CUST03899,1
CUST03900,1
CUST03901,0
CUST03902,0
CUST03903,0
CUST03904,0
CUST03905,0
CUST03906,0
CUST03907,0
CUST03908,0
CUST03909,1
CUST03910,1
CUST03911,0
CUST03912,0
CUST03913,0
CUST03914,0
CUST03915,0
CUST03916,1
CUST03917,0
CUST03918,0
CUST03919,1
CUST03920,0
CUST03921,0
CUST03922,1
CUST03923,0
CUST03924,0
CUST03925,1
CUST03926,1
CUST03927,1
CUST03928,1
CUST03929,0
CUST03930,0
CUST03931,0
CUST03932,0
CUST03933,1
CUST03934,0
CUST03935,1
CUST03936,0
CUST03937,0
CUST03938,0
CUST03939,1
CUST03940,1
CUST03941,1
CUST03942,0
CUST03943,1
CUST03944,1
CUST03945,1
CUST03946,0
CUST03947,0
CUST03948,0
CUST03949,0
CUST03950,1
CUST03951,1
CUST03952,0
CUST03953,1
CUST03954,0
CUST03955,1
CUST03956,0
CUST03957,1
CUST03958,0
CUST03959,1
CUST03960,0
CUST03961,1
CUST03962,1
CUST03963,0
CUST03964,0
CUST03965,0
CUST03966,0
CUST03967,0
CUST03968,0
CUST03969,0
CUST03970,0
CUST03971,0
CUST03972,0
CUST03973,0
CUST03974,1
CUST03975,0
CUST03976,1
CUST03977,1
CUST03978,0
CUST03979,1
CUST03980,1
CUST03981,0
CUST03982,0
CUST03983,1
CUST03984,1
CUST03985,0
CUST03986,1
CUST03987,0
CUST03988,0
CUST03989,1
CUST03990,0
CUST03991,0
CUST03992,1
CUST03993,1
CUST03994,0
CUST03995,0
CUST03996,0
CUST03997,0
CUST03998,0
CUST03999,0
CUST04000,0
CUST04001,0
CUST04002,0
CUST04003,0
CUST04004,1
CUST04005,1
CUST04006,0
CUST04007,1
CUST04008,0
CUST04009,1
CUST04010,1
CUST04011,0
CUST04012,1
CUST04013,0
CUST04014,0
CUST04015,1
CUST04016,1
CUST04017,0
CUST04018,1
CUST04019,1
CUST04020,1
CUST04021,0
CUST04022,0
CUST04023,1
CUST04024,0
CUST04025,0
CUST04026,0
CUST04027,1
CUST04028,1
CUST04029,0
CUST04030,0
CUST04031,0
CUST04032,0
CUST04033,0
CUST04034,1
CUST04035,1
CUST04036,0
CUST04037,1
CUST04038,0
CUST04039,1
CUST04040,0
CUST04041,1
CUST04042,1
CUST04043,0
CUST04044,0
CUST04045,0
CUST04046,0
CUST04047,0
CUST04048,1
CUST04049,0
CUST04050,1
CUST04051,1
CUST04052,0
CUST04053,1
CUST04054,0
CUST04055,0
CUST04056,1
CUST04057,0
CUST04058,0
CUST04059,1
CUST04060,0
CUST04061,1
CUST04062,1
CUST04063,0
CUST04064,0
CUST04065,1
CUST04066,0
CUST04067,0
CUST04068,0
CUST04069,1
CUST04070,0
CUST04071,0
CUST04072,0
CUST04073,0
CUST04074,1
CUST04075,0
CUST04076,0
CUST04077,1
CUST04078,0
CUST04079,1
CUST04080,0
CUST04081,0
CUST04082,1
CUST04083,1
CUST04084,0
CUST04085,0
CUST04086,0
CUST04087,0
CUST04088,0
CUST04089,0
CUST04090,0
CUST04091,1
CUST04092,1
CUST04093,1
CUST04094,1
CUST04095,0
CUST04096,0
CUST04097,0
CUST04098,0
CUST04099,0
CUST04100,1
CUST04101,0
CUST04102,0
CUST04103,1
CUST04104,0
CUST04105,0
CUST04106,0
CUST04107,0
CUST04108,0
CUST04109,1
CUST04110,0
CUST04111,0
CUST04112,0
CUST04113,0
CUST04114,0
CUST04115,1
CUST04116,1
CUST04117,0
CUST04118,0
CUST04119,0
CUST04120,0
CUST04121,1
CUST04122,0
CUST04123,0
CUST04124,0
CUST04125,0
CUST04126,0
CUST04127,0
CUST04128,0
CUST04129,0
CUST04130,0
CUST04131,1
CUST04132,1
CUST04133,0
CUST04134,1
CUST04135,0
CUST04136,0
CUST04137,1
CUST04138,0
CUST04139,0
CUST04140,0
CUST04141,1
CUST04142,0
CUST04143,0
CUST04144,1
CUST04145,0
CUST04146,0
CUST04147,0
CUST04148,1
CUST04149,0
CUST04150,1
CUST04151,0
CUST04152,0
CUST04153,0
CUST04154,1
CUST04155,1
CUST04156,1
CUST04157,1
CUST04158,1
CUST04159,0
CUST04160,0
CUST04161,0
CUST04162,1
CUST04163,0
CUST04164,0
CUST04165,0
CUST04166,0
CUST04167,0
CUST04168,0
CUST04169,0
CUST04170,0
CUST04171,0
CUST04172,1
CUST04173,1
CUST04174,0
CUST04175,0
CUST04176,0
CUST04177,1
CUST04178,1
CUST04179,0
CUST04180,1
CUST04181,1
CUST04182,0
CUST04183,0
CUST04184,0
CUST04185,1
CUST04186,0
CUST04187,0
CUST04188,0
CUST04189,0
CUST04190,0
CUST04191,1
CUST04192,0
CUST04193,0
CUST04194,1
CUST04195,1
CUST04196,1
CUST04197,1
CUST04198,1
CUST04199,0
CUST04200,1
CUST04201,0
CUST04202,1
CUST04203,0
CUST04204,0
CUST04205,1
CUST04206,1
CUST04207,0
CUST04208,0
CUST04209,0
CUST04210,1
CUST04211,1
CUST04212,1
CUST04213,0
CUST04214,0
CUST04215,0
CUST04216,0
CUST04217,0
CUST04218,1
CUST04219,0
CUST04220,1
CUST04221,0
CUST04222,1
CUST04223,1
CUST04224,1
CUST04225,0
CUST04226,1
CUST04227,1
CUST04228,1
CUST04229,0
CUST04230,1
CUST04231,1
CUST04232,1
CUST04233,1
CUST04234,0
CUST04235,1
CUST04236,1
CUST04237,0
CUST04238,0
CUST04239,1
CUST04240,0
CUST04241,0
CUST04242,1
CUST04243,1
CUST04244,0
CUST04245,1
CUST04246,0
CUST04247,0
CUST04248,0
CUST04249,0
CUST04250,0
CUST04251,0
CUST04252,0
CUST04253,1
CUST04254,0
CUST04255,0
CUST04256,0
CUST04257,1
CUST04258,1
CUST04259,1
CUST04260,1
CUST04261,1
CUST04262,0
CUST04263,1
CUST04264,1
CUST04265,0
CUST04266,1
CUST04267,0
CUST04268,0
CUST04269,0
CUST04270,1
CUST04271,1
CUST04272,0
CUST04273,1
CUST04274,0
CUST04275,0
CUST04276,0
CUST04277,1
CUST04278,1
CUST04279,0
CUST04280,1
CUST04281,1
CUST04282,0
CUST04283,0
CUST04284,1
CUST04285,0
CUST04286,1
CUST04287,0
CUST04288,0
CUST04289,1
CUST04290,0
CUST04291,0
CUST04292,1
CUST04293,0
CUST04294,1
CUST04295,0
CUST04296,1
CUST04297,1
CUST04298,1
CUST04299,0
CUST04300,1
CUST04301,1
CUST04302,1
CUST04303,0
CUST04304,0
CUST04305,1
CUST04306,0
CUST04307,0
CUST04308,0
CUST04309,0
CUST04310,0
CUST04311,0
CUST04312,0
CUST04313,0
CUST04314,1
CUST04315,0
CUST04316,0
CUST04317,0
CUST04318,0
CUST04319,1
CUST04320,0
CUST04321,0
CUST04322,1
CUST04323,0
CUST04324,1
CUST04325,1
CUST04326,0
CUST04327,1
CUST04328,0
CUST04329,0
CUST04330,0
CUST04331,1
CUST04332,0
CUST04333,0
CUST04334,1
CUST04335,0
CUST04336,0
CUST04337,0
CUST04338,0
CUST04339,1
CUST04340,0
CUST04341,1
CUST04342,0
CUST04343,0
CUST04344,1
CUST04345,1
CUST04346,1
CUST04347,1
CUST04348,1
CUST04349,0
CUST04350,1
CUST04351,1
CUST04352,0
CUST04353,0
CUST04354,0
CUST04355,0
CUST04356,1
CUST04357,1
CUST04358,0
CUST04359,1
CUST04360,1
CUST04361,1
CUST04362,1
CUST04363,1
CUST04364,1
CUST04365,0
CUST04366,1
CUST04367,0
CUST04368,0
CUST04369,1
CUST04370,0
CUST04371,0
CUST04372,1
CUST04373,1
CUST04374,0
CUST04375,0
CUST04376,0
CUST04377,1
CUST04378,0
CUST04379,1
CUST04380,0
CUST04381,0
CUST04382,0
CUST04383,0
CUST04384,1
CUST04385,0
CUST04386,1
CUST04387,0
CUST04388,1
CUST04389,0
CUST04390,1
CUST04391,1
CUST04392,0
CUST04393,1
CUST04394,0
CUST04395,0
CUST04396,0
CUST04397,1
CUST04398,0
CUST04399,0
CUST04400,1
CUST04401,1
CUST04402,0
CUST04403,1
CUST04404,0
CUST04405,0
CUST04406,0
CUST04407,0
CUST04408,1
CUST04409,0
CUST04410,0
CUST04411,0
CUST04412,1
CUST04413,1
CUST04414,0
CUST04415,1
CUST04416,1
CUST04417,0
CUST04418,0
CUST04419,1
CUST04420,0
CUST04421,0
CUST04422,1
CUST04423,1
CUST04424,0
CUST04425,0
CUST04426,0
CUST04427,0
CUST04428,0
CUST04429,1
CUST04430,1
CUST04431,0
CUST04432,0
CUST04433,1
CUST04434,0
CUST04435,0
CUST04436,1
CUST04437,1
CUST04438,0
CUST04439,1
CUST04440,1
CUST04441,0
CUST04442,0
CUST04443,1
CUST04444,1
CUST04445,1
CUST04446,0
CUST04447,1
CUST04448,1
CUST04449,1
CUST04450,1
CUST04451,0
CUST04452,0
CUST04453,1
CUST04454,1
CUST04455,0
CUST04456,0
CUST04457,0
CUST04458,1
CUST04459,1
CUST04460,0
CUST04461,1
CUST04462,1
CUST04463,0
CUST04464,0
CUST04465,0
CUST04466,1
CUST04467,1
CUST04468,0
CUST04469,1
CUST04470,1
CUST04471,0
CUST04472,0
CUST04473,1
CUST04474,1
CUST04475,0
CUST04476,1
CUST04477,1
CUST04478,1
CUST04479,0
CUST04480,1
CUST04481,1
CUST04482,0
CUST04483,1
CUST04484,1
CUST04485,0
CUST04486,0
CUST04487,0
CUST04488,0
CUST04489,0
CUST04490,1
CUST04491,1
CUST04492,0
CUST04493,0
CUST04494,1
CUST04495,1
CUST04496,0
CUST04497,0
CUST04498,1
CUST04499,1
CUST04500,1
CUST04501,1
CUST04502,0
CUST04503,0
CUST04504,0
CUST04505,0
CUST04506,1
CUST04507,0
CUST04508,0
CUST04509,1
CUST04510,0
CUST04511,0
CUST04512,0
CUST04513,1
CUST04514,0
CUST04515,1
CUST04516,1
CUST04517,1
CUST04518,1
CUST04519,1
CUST04520,1
CUST04521,1
CUST04522,1
CUST04523,1
CUST04524,0
CUST04525,1
CUST04526,0
CUST04527,1
CUST04528,0
CUST04529,0
CUST04530,0
CUST04531,1
CUST04532,0
CUST04533,0
CUST04534,0
CUST04535,1
CUST04536,1
CUST04537,1
CUST04538,0
CUST04539,1
CUST04540,1
CUST04541,0
CUST04542,0
CUST04543,1
CUST04544,0
CUST04545,1
CUST04546,0
CUST04547,0
CUST04548,0
CUST04549,1
CUST04550,0
CUST04551,1
CUST04552,0
CUST04553,1
CUST04554,0
CUST04555,1
CUST04556,1
CUST04557,1
CUST04558,1
CUST04559,1
CUST04560,0
CUST04561,0
CUST04562,1
CUST04563,1
CUST04564,1
CUST04565,0
CUST04566,1
CUST04567,1
CUST04568,0
CUST04569,0
CUST04570,1
CUST04571,0
CUST04572,0
CUST04573,1
CUST04574,0
CUST04575,0
CUST04576,0
CUST04577,0
CUST04578,1
CUST04579,0
CUST04580,0
CUST04581,0
CUST04582,0
CUST04583,1
CUST04584,1
CUST04585,1
CUST04586,0
CUST04587,0
CUST04588,1
CUST04589,0
CUST04590,0
CUST04591,1
CUST04592,1
CUST04593,0
CUST04594,1
CUST04595,1
CUST04596,0
CUST04597,1
CUST04598,0
CUST04599,0
CUST04600,0
CUST04601,1
CUST04602,0
CUST04603,0
CUST04604,0
CUST04605,1
CUST04606,0
CUST04607,1
CUST04608,0
CUST04609,0
CUST04610,0
CUST04611,1
CUST04612,1
CUST04613,0
CUST04614,1
CUST04615,1
CUST04616,0
CUST04617,0
CUST04618,1
CUST04619,0
CUST04620,0
CUST04621,0
CUST04622,1
CUST04623,0
CUST04624,0
CUST04625,1
CUST04626,0
CUST04627,1
CUST04628,0
CUST04629,1
CUST04630,0
CUST04631,1
CUST04632,0
CUST04633,1
CUST04634,1
CUST04635,1
CUST04636,1
CUST04637,0
CUST04638,1
CUST04639,0
CUST04640,0
CUST04641,1
CUST04642,0
CUST04643,0
CUST04644,0
CUST04645,1
CUST04646,0
CUST04647,0
CUST04648,0
CUST04649,1
CUST04650,1
CUST04651,1
CUST04652,1
CUST04653,0
CUST04654,1
CUST04655,1
CUST04656,1
CUST04657,0
CUST04658,1
CUST04659,0
CUST04660,0
CUST04661,1
CUST04662,1
CUST04663,1
CUST04664,0
CUST04665,1
CUST04666,0
CUST04667,0
CUST04668,1
CUST04669,0
CUST04670,1
CUST04671,1
CUST04672,1
CUST04673,1
CUST04674,1
CUST04675,1
CUST04676,0
CUST04677,0
CUST04678,0
CUST04679,0
CUST04680,0
CUST04681,0
CUST04682,0
CUST04683,0
CUST04684,1
CUST04685,1
CUST04686,1
CUST04687,1
CUST04688,1
CUST04689,0
CUST04690,0
CUST04691,1
CUST04692,1
CUST04693,1
CUST04694,1
CUST04695,0
CUST04696,1
CUST04697,0
CUST04698,0
CUST04699,0
CUST04700,0
CUST04701,1
CUST04702,1
CUST04703,1
CUST04704,1
CUST04705,0
CUST04706,1
CUST04707,0
CUST04708,0
CUST04709,1
CUST04710,0
CUST04711,0
CUST04712,1
CUST04713,0
CUST04714,0
CUST04715,0
CUST04716,0
CUST04717,1
CUST04718,1
CUST04719,1
CUST04720,0
CUST04721,0
CUST04722,1
CUST04723,0
CUST04724,1
CUST04725,0
CUST04726,0
CUST04727,1
CUST04728,1
CUST04729,0
CUST04730,1
CUST04731,0
CUST04732,0
CUST04733,0
CUST04734,1
CUST04735,1
CUST04736,0
CUST04737,0
CUST04738,0
CUST04739,1
CUST04740,0
CUST04741,0
CUST04742,1
CUST04743,0
CUST04744,0
CUST04745,0
CUST04746,0
CUST04747,0
CUST04748,0
CUST04749,0
CUST04750,0
CUST04751,1
CUST04752,0
CUST04753,1
CUST04754,1
CUST04755,1
CUST04756,0
CUST04757,0
CUST04758,0
CUST04759,1
CUST04760,0
CUST04761,1
CUST04762,0
CUST04763,0
CUST04764,0
CUST04765,1
CUST04766,0
CUST04767,1
CUST04768,0
CUST04769,1
CUST04770,0
CUST04771,1
CUST04772,1
CUST04773,1
CUST04774,0
CUST04775,0
CUST04776,0
CUST04777,0
CUST04778,0
CUST04779,1
CUST04780,1
CUST04781,0
CUST04782,1
CUST04783,0
CUST04784,0
CUST04785,0
CUST04786,0
CUST04787,0
CUST04788,0
CUST04789,1
CUST04790,1
CUST04791,1
CUST04792,1
CUST04793,1
CUST04794,0
CUST04795,1
CUST04796,0
CUST04797,1
CUST04798,1
CUST04799,1
CUST04800,1
CUST04801,0
CUST04802,0
CUST04803,0
CUST04804,1
CUST04805,0
CUST04806,0
CUST04807,1
CUST04808,0
CUST04809,1
CUST04810,1
CUST04811,0
CUST04812,0
CUST04813,0
CUST04814,0
CUST04815,1
CUST04816,0
CUST04817,0
CUST04818,1
CUST04819,0
CUST04820,1
CUST04821,0
CUST04822,1
CUST04823,0
CUST04824,1
CUST04825,0
CUST04826,1
CUST04827,1
CUST04828,1
CUST04829,0
CUST04830,0
CUST04831,1
CUST04832,0
CUST04833,1
CUST04834,1
CUST04835,0
CUST04836,0
CUST04837,1
CUST04838,0
CUST04839,1
CUST04840,0
CUST04841,1
CUST04842,0
CUST04843,0
CUST04844,0
CUST04845,1
CUST04846,1
CUST04847,0
CUST04848,1
CUST04849,0
CUST04850,0
CUST04851,1
CUST04852,0
CUST04853,1
CUST04854,1
CUST04855,0
CUST04856,0
CUST04857,1
CUST04858,0
CUST04859,0
CUST04860,0
CUST04861,1
CUST04862,1
CUST04863,1
CUST04864,1
CUST04865,0
CUST04866,0
CUST04867,1
CUST04868,1
CUST04869,1
CUST04870,1
CUST04871,0
CUST04872,0
CUST04873,1
CUST04874,0
CUST04875,1
CUST04876,0
CUST04877,0
CUST04878,1
CUST04879,0
CUST04880,0
CUST04881,0
CUST04882,0
CUST04883,1
CUST04884,1
CUST04885,0
CUST04886,0
CUST04887,1
CUST04888,0
CUST04889,0
CUST04890,0
CUST04891,0
CUST04892,1
CUST04893,1
CUST04894,0
CUST04895,1
CUST04896,0
CUST04897,1
CUST04898,1
CUST04899,1
CUST04900,0
CUST04901,1
CUST04902,0
CUST04903,0
CUST04904,1
CUST04905,0
CUST04906,0
CUST04907,1
CUST04908,1
CUST04909,1
CUST04910,1
CUST04911,0
CUST04912,1
CUST04913,0
CUST04914,0
CUST04915,0
CUST04916,0
CUST04917,0
CUST04918,1
CUST04919,1
CUST04920,0
CUST04921,0
CUST04922,1
CUST04923,0
CUST04924,1
CUST04925,1
CUST04926,0
CUST04927,1
CUST04928,0
CUST04929,0
CUST04930,0
CUST04931,1
CUST04932,1
CUST04933,1
CUST04934,0
CUST04935,0
CUST04936,0
CUST04937,1
CUST04938,1
CUST04939,1
CUST04940,1
CUST04941,1
CUST04942,1
CUST04943,1
CUST04944,0
CUST04945,1
CUST04946,1
CUST04947,1
CUST04948,1
CUST04949,1
CUST04950,0
CUST04951,0
CUST04952,0
CUST04953,0
CUST04954,1
CUST04955,0
CUST04956,1
CUST04957,1
CUST04958,1
CUST04959,0
CUST04960,0
CUST04961,0
CUST04962,1
CUST04963,1
CUST04964,1
CUST04965,0
CUST04966,0
CUST04967,0
CUST04968,1
CUST04969,1
CUST04970,0
CUST04971,1
CUST04972,0
CUST04973,1
CUST04974,0
CUST04975,1
CUST04976,0
CUST04977,0
CUST04978,0
CUST04979,1
CUST04980,1
CUST04981,0
CUST04982,1
CUST04983,1
CUST04984,0
CUST04985,0
CUST04986,0
CUST04987,0
CUST04988,1
CUST04989,0
CUST04990,0
CUST04991,1
CUST04992,0
CUST04993,1
CUST04994,0
CUST04995,0
CUST04996,1
CUST04997,1
CUST04998,0
CUST04999,0
